rank,feature,importance
1,As (mm^2),0.3525707
2,Re (mm),0.26458675
3,e_bar,0.12510225
4,Ac (mm^2),0.049237624
5,e/h,0.042239103
6,r0/h,0.032308456
7,fc (MPa),0.024502616
8,ke,0.022090223
9,fy (MPa),0.015598465
10,xi,0.013459471
11,e1 (mm),0.01092338
12,lambda_bar,0.010132386
13,sigma_re (MPa),0.009487852
14,e1/e2,0.009048588
15,b/t,0.0077431677
16,te (mm),0.006905056
17,e2 (mm),0.0026638145
18,R (%),0.0013999932
