rank,feature,importance
1,As (mm^2),0.36469474
2,Re (mm),0.13408068
3,Ac (mm^2),0.114022076
4,e1/e2,0.09406813
5,e_bar,0.057017855
6,e1 (mm),0.038405716
7,fc (MPa),0.027242867
8,e/h,0.024263466
9,r0/h,0.024013102
10,te (mm),0.023837056
11,fy (MPa),0.022787396
12,sigma_re (MPa),0.021670433
13,xi,0.018081632
14,ke,0.013358569
15,b/t,0.008647017
16,lambda_bar,0.00746666
17,e2 (mm),0.005389319
18,R (%),0.00095327094
