rank,feature,importance
1,Ac (mm^2),0.19691248
2,As (mm^2),0.17678286
3,e_bar,0.14605732
4,Re (mm),0.12665747
5,e/h,0.099992774
6,fc (MPa),0.04141738
7,te (mm),0.04065864
8,r0/h,0.032797378
9,fy (MPa),0.025702925
10,e1 (mm),0.02411527
11,ke,0.022801736
12,b/t,0.01977413
13,lambda_bar,0.012529917
14,xi,0.009481146
15,sigma_re (MPa),0.0077027846
16,e1/e2,0.005884284
17,e2 (mm),0.0058249906
18,R (%),0.0049064355
