{
  "model_name": "xgboost_model",
  "timestamp": "2026-01-14T16:56:15.556744",
  "train_metrics": {
    "rmse": 269.6578964538598,
    "mae": 136.62101086454177,
    "r2": 0.9933782497769175,
    "mape": 7.460544955839708,
    "mse": 72715.38111992057,
    "max_error": 5687.48046875,
    "mean_prediction": 2524.947998046875,
    "mean_actual": 2524.0920363184578,
    "cov": 0.11613537345399397,
    "n_samples": 3267
  },
  "test_metrics": {
    "rmse": 494.0297843473131,
    "mae": 213.1896351000923,
    "r2": 0.9628397354214773,
    "mape": 10.96226059256976,
    "mse": 244065.42782225274,
    "max_error": 9455.30859375,
    "mean_prediction": 2308.979248046875,
    "mean_actual": 2306.5998150618116,
    "cov": 0.17966076947707302,
    "n_samples": 817
  },
  "cv_results": {
    "cv_scores": [
      -580.0592240884413,
      -692.0523970188605,
      -592.4403423117257,
      -446.8408542755033,
      -944.6666234030391
    ],
    "mean_cv_score": -651.2118882195139,
    "std_cv_score": 166.17337000693394,
    "max_cv_score": -446.8408542755033,
    "min_cv_score": -944.6666234030391,
    "cv_time": 2.395167827606201,
    "n_folds": 5
  },
  "data_split": {
    "n_train": 3267,
    "n_test": 817,
    "test_size": 0.2
  },
  "overfitting_analysis": {
    "rmse_ratio": 1.8320612555540157,
    "status": "overfitting"
  }
}