{
  "model_name": "xgboost_model",
  "timestamp": "2026-01-14T10:45:15.223368",
  "metrics": {
    "rmse": 226.29049263310765,
    "mae": 131.04787409776912,
    "r2": 0.9949329573336989,
    "mape": 7.6452538215353085,
    "mse": 51207.38705613455,
    "max_error": 2651.701171875,
    "mean_prediction": 2480.33740234375,
    "mean_actual": 2480.5829411258323,
    "cov": 0.115760716376853,
    "n_samples": 4084
  },
  "cv_results": {
    "cv_scores": [
      -1089.1981926414826,
      -1287.742980130713,
      -827.9036437978489,
      -1390.5158805162152,
      -1141.1580536513322
    ],
    "mean_cv_score": -1147.3037501475183,
    "std_cv_score": 191.99258892542872,
    "max_cv_score": -827.9036437978489,
    "min_cv_score": -1390.5158805162152,
    "cv_time": 2.5456204414367676,
    "n_folds": 5
  }
}