{
  "model_name": "xgboost_model",
  "timestamp": "2026-01-14T21:06:05.794751",
  "target_transform": {
    "enabled": true,
    "type": "log",
    "original_column": "Nexp (kN)"
  },
  "train_metrics_original_space": {
    "rmse": 261.1805735953377,
    "mae": 113.5306090131482,
    "r2": 0.9933801475388355,
    "mape": 4.906022716876002,
    "mse": 68215.29202358962,
    "max_error": 5113.9375,
    "mean_prediction": 2476.37939453125,
    "mean_actual": 2485.890911147822,
    "cov": 0.08001463240338041,
    "n_samples": 3260
  },
  "test_metrics_original_space": {
    "rmse": 430.4664112456904,
    "mae": 211.53408786308856,
    "r2": 0.9775956338977623,
    "mape": 8.868845520874379,
    "mse": 185301.3312107438,
    "max_error": 3674.4090576171875,
    "mean_prediction": 2344.608154296875,
    "mean_actual": 2403.510479431373,
    "cov": 0.13426948707149586,
    "n_samples": 816
  },
  "train_metrics_transformed_space": {
    "rmse": 0.07621229223875435,
    "mae": 0.04853364937519084,
    "r2": 0.9923689595769273,
    "mape": 0.6706996041993692,
    "mse": 0.0058083134882852975,
    "max_error": 0.6727057571598261,
    "mean_prediction": 7.400116443634033,
    "mean_actual": 7.39990183038576,
    "cov": 0.010858964313061027,
    "n_samples": 3260
  },
  "test_metrics_transformed_space": {
    "rmse": 0.14403935122236,
    "mae": 0.09052685298376341,
    "r2": 0.9724859962220705,
    "mape": 1.2421349617578437,
    "mse": 0.02074733470055838,
    "max_error": 1.6182141908628846,
    "mean_prediction": 7.369627475738525,
    "mean_actual": 7.381364912385791,
    "cov": 0.01970859316196621,
    "n_samples": 816
  },
  "cv_results": {
    "cv_scores": [
      -0.14100358391397516,
      -0.141583838967443,
      -0.14210890246017438,
      -0.16403053294566436,
      -0.16466157257432193
    ],
    "mean_cv_score": -0.15067768617231575,
    "std_cv_score": 0.011167434456065559,
    "max_cv_score": -0.14100358391397516,
    "min_cv_score": -0.16466157257432193,
    "cv_time": 2.8628337383270264,
    "n_folds": 5
  },
  "data_split": {
    "n_train": 3260,
    "n_test": 816,
    "test_size": 0.2
  },
  "overfitting_analysis": {
    "rmse_ratio_original": 1.648156313159175,
    "rmse_ratio_transformed": 1.8899753175133505,
    "status": "overfitting"
  }
}