{
  "model_name": "xgboost_model",
  "timestamp": "2026-01-14T20:15:02.090910",
  "target_transform": {
    "enabled": true,
    "type": "log",
    "original_column": "Nexp (kN)"
  },
  "train_metrics_original_space": {
    "rmse": 277.0388191986926,
    "mae": 116.57681332185277,
    "r2": 0.9930107952225115,
    "mape": 4.935942980169226,
    "mse": 76750.50734300588,
    "max_error": 7240.46484375,
    "mean_prediction": 2511.605224609375,
    "mean_actual": 2524.0920363184578,
    "cov": 0.07666523258570372,
    "n_samples": 3267
  },
  "test_metrics_original_space": {
    "rmse": 574.3081415598501,
    "mae": 207.83100445473627,
    "r2": 0.9497816455039111,
    "mape": 9.263834877787962,
    "mse": 329829.84146192885,
    "max_error": 12373.0625,
    "mean_prediction": 2266.74169921875,
    "mean_actual": 2306.5998150618116,
    "cov": 0.15162019735945478,
    "n_samples": 817
  },
  "train_metrics_transformed_space": {
    "rmse": 0.07449071550258075,
    "mae": 0.04901888562041402,
    "r2": 0.9928488872986354,
    "mape": 0.6774430618722856,
    "mse": 0.005548866696086425,
    "max_error": 0.5546069774194784,
    "mean_prediction": 7.405186653137207,
    "mean_actual": 7.405448429334723,
    "cov": 0.010563823448508067,
    "n_samples": 3267
  },
  "test_metrics_transformed_space": {
    "rmse": 0.14437229319230024,
    "mae": 0.09173053861233779,
    "r2": 0.9706880399158283,
    "mape": 1.2672041219640644,
    "mse": 0.020843359041603504,
    "max_error": 0.8896571663831452,
    "mean_prediction": 7.364297389984131,
    "mean_actual": 7.368483726691721,
    "cov": 0.020260278499715737,
    "n_samples": 817
  },
  "cv_results": {
    "cv_scores": [
      -0.16174685182498974,
      -0.14462443602897068,
      -0.14073394996697616,
      -0.15343792327346836,
      -0.14202561360065652
    ],
    "mean_cv_score": -0.1485137549390123,
    "std_cv_score": 0.007963798490583903,
    "max_cv_score": -0.14073394996697616,
    "min_cv_score": -0.16174685182498974,
    "cv_time": 2.4164485931396484,
    "n_folds": 5
  },
  "data_split": {
    "n_train": 3267,
    "n_test": 817,
    "test_size": 0.2
  },
  "overfitting_analysis": {
    "rmse_ratio_original": 2.07302407374165,
    "rmse_ratio_transformed": 1.9381246671915566,
    "status": "overfitting"
  }
}