{
  "model_name": "xgboost_model",
  "timestamp": "2026-01-14T00:42:19.077527",
  "metrics": {
    "rmse": 204.39774043878083,
    "mae": 113.35419491924033,
    "r2": 0.9963758096475722,
    "mape": 6.651296926285736,
    "mse": 41778.43629647922,
    "max_error": 2624.634765625,
    "mean_prediction": 2482.154052734375,
    "mean_actual": 2482.5835977346815,
    "n_samples": 6182
  },
  "cv_results": {
    "cv_scores": [
      -1193.4484951326126,
      -803.6971429681666,
      -188.44720854609872,
      -148.29902060559888,
      -824.5618478799788
    ],
    "mean_cv_score": -631.6907430264912,
    "std_cv_score": 403.11031366694925,
    "max_cv_score": -148.29902060559888,
    "min_cv_score": -1193.4484951326126,
    "cv_time": 2.7958261966705322,
    "n_folds": 5
  }
}