{
  "trial_number": 354,
  "best_rmse": 0.1439788803929666,
  "parameters": {
    "max_depth": 6,
    "learning_rate": 0.10116705772985878,
    "n_estimators": 927,
    "subsample": 0.7100082986951463,
    "colsample_bytree": 0.7116644908834991,
    "min_child_weight": 13,
    "reg_alpha": 0.07821213838664996,
    "reg_lambda": 2.473989701636374,
    "gamma": 0.010019615900610913
  },
  "timestamp": "2026-01-14T20:09:08.957599",
  "n_trials_total": 400
}