{
  "trial_number": 72,
  "best_rmse": 0.1492125272762347,
  "parameters": {
    "max_depth": 8,
    "learning_rate": 0.039176040453300844,
    "n_estimators": 820,
    "subsample": 0.771341142312331,
    "colsample_bytree": 0.7116116115686889,
    "min_child_weight": 11,
    "reg_alpha": 0.1003992967182688,
    "reg_lambda": 3.1454235072178385,
    "gamma": 0.010108951248092869
  },
  "timestamp": "2026-01-14T19:32:29.143498",
  "n_trials_total": 100
}