rank,feature,importance
1,As (mm^2),0.5574343
2,Ac (mm^2),0.14999461
3,e1/e2,0.04482254
4,e_bar,0.042839073
5,xi,0.033534486
6,sigma_re (MPa),0.023940407
7,fc (MPa),0.021456834
8,r0/h,0.01950605
9,e/h,0.019426044
10,e1 (mm),0.017898211
11,Re (mm),0.017137824
12,ke,0.014373172
13,fy (MPa),0.01010565
14,te (mm),0.009542602
15,b/t,0.0089776125
16,lambda_bar,0.0056008226
17,e2 (mm),0.0025534632
18,R (%),0.0008563958
